ID spoje,Počáteční datum,Koncové datum,1,2,3,4,5,6,7,8
58696,11.5.2011 22:39:00,11.5.2011 6:20:00,0,1005,18,12,1,1,0,
58697,11.5.2011 6:53:00,11.5.2011 6:43:00,0,1005,11,20,1,2,0,
58698,11.5.2011 19:50:00,11.5.2011 6:54:00,0,1005,11,20,1,2,0,
58699,11.5.2011 20:05:00,11.5.2011 19:53:00,0,1005,11,20,1,2,0,
58700,11.5.2011 19:07:00,11.5.2011 6:00:00,0,1005,17,12,1,3,0,
58701,11.5.2011 19:22:00,11.5.2011 19:10:00,0,1005,17,12,1,3,0,
58702,11.5.2011 21:08:00,11.5.2011 6:00:00,0,1005,17,12,1,4,0,
58703,11.5.2011 21:23:00,11.5.2011 9:29:00,0,1005,17,12,1,4,0,
58704,11.5.2011 13:25:00,11.5.2011 13:12:00,0,1005,17,12,1,4,0,
58705,11.5.2011 20:10:00,11.5.2011 6:01:00,0,1005,11,20,1,5,0,
58706,11.5.2011 20:25:00,11.5.2011 20:13:00,0,1005,11,20,1,5,0,
58707,11.5.2011 22:59:00,11.5.2011 6:00:00,0,1005,17,12,1,6,0,
58708,11.5.2011 19:39:00,11.5.2011 6:13:00,0,1005,17,23,1,7,0,
58709,11.5.2011 19:54:00,11.5.2011 19:42:00,0,1005,17,23,1,7,0,
58710,11.5.2011 6:27:00,11.5.2011 6:17:00,0,1005,11,20,1,8,0,
58711,11.5.2011 18:53:00,11.5.2011 6:28:00,0,1005,11,20,1,8,0,
58712,11.5.2011 19:08:00,11.5.2011 18:56:00,0,1005,11,20,1,8,0,
58713,11.5.2011 23:00:00,11.5.2011 6:01:00,0,1005,18,12,1,9,0,
58714,11.5.2011 6:21:00,11.5.2011 6:21:00,0,1005,18,12,1,10,0,
58715,11.5.2011 23:00:00,11.5.2011 6:22:00,0,1005,18,12,1,10,0,
58716,11.5.2011 22:55:00,11.5.2011 6:01:00,0,1005,18,12,1,11,0,
58717,11.5.2011 13:40:00,11.5.2011 13:40:00,0,1005,18,12,1,11,0,
58718,11.5.2011 6:31:00,11.5.2011 6:21:00,0,1005,11,15,1,12,0,
58719,11.5.2011 21:21:00,11.5.2011 6:32:00,0,1005,11,15,1,12,0,
58720,11.5.2011 21:36:00,11.5.2011 21:24:00,0,1005,11,15,1,12,0,
58721,11.5.2011 21:36:00,11.5.2011 6:10:00,0,1005,11,15,1,13,0,
58722,11.5.2011 21:51:00,11.5.2011 21:39:00,0,1005,11,15,1,13,0,
58723,11.5.2011 6:01:00,11.5.2011 6:00:00,0,1005,17,22,2,1,0,
58724,11.5.2011 19:41:00,11.5.2011 6:02:00,0,1005,17,22,2,1,0,
58725,11.5.2011 19:53:00,11.5.2011 19:43:00,0,1005,17,22,2,1,0,
58726,11.5.2011 14:04:00,11.5.2011 7:40:00,0,1005,17,11,2,2,0,
58727,11.5.2011 18:25:00,11.5.2011 7:53:00,0,1005,17,11,2,2,0,
58728,11.5.2011 18:38:00,11.5.2011 9:27:00,0,1005,17,11,2,2,0,
58729,11.5.2011 6:10:00,11.5.2011 6:00:00,0,1005,17,22,2,3,0,
58730,11.5.2011 17:49:00,11.5.2011 6:11:00,0,1005,17,22,2,3,0,
58731,11.5.2011 18:02:00,11.5.2011 17:51:00,0,1005,17,22,2,3,0,
58732,11.5.2011 13:36:00,11.5.2011 6:12:00,0,1005,17,11,2,4,0,
58733,11.5.2011 19:20:00,11.5.2011 6:24:00,0,1005,17,11,2,4,0,
58734,11.5.2011 19:32:00,11.5.2011 8:39:00,0,1005,17,11,2,4,0,
58735,11.5.2011 6:36:00,11.5.2011 6:25:00,0,1005,17,22,2,5,0,
58736,11.5.2011 20:00:00,11.5.2011 6:37:00,0,1005,17,22,2,5,0,
58737,11.5.2011 20:12:00,11.5.2011 20:02:00,0,1005,17,22,2,5,0,
58738,11.5.2011 19:23:00,11.5.2011 6:00:00,0,1005,13,21,3,1,0,
58739,11.5.2011 19:37:00,11.5.2011 19:25:00,0,1005,13,21,3,1,0,
58740,11.5.2011 22:59:00,11.5.2011 6:00:00,0,1005,14,12,3,2,0,
58741,11.5.2011 20:27:00,11.5.2011 6:00:00,0,1005,11,20,3,3,0,
58742,11.5.2011 20:28:00,11.5.2011 20:28:00,0,1005,11,20,3,3,0,
58743,11.5.2011 20:40:00,11.5.2011 6:07:00,0,1005,11,15,3,4,0,
58744,11.5.2011 20:41:00,11.5.2011 20:41:00,0,1005,11,15,3,4,0,
58745,11.5.2011 7:24:00,11.5.2011 7:24:00,0,1005,11,20,3,5,0,
58746,11.5.2011 20:55:00,11.5.2011 7:25:00,0,1005,11,20,3,5,0,
58747,11.5.2011 20:56:00,11.5.2011 20:56:00,0,1005,11,20,3,5,0,
58748,11.5.2011 20:05:00,11.5.2011 6:00:00,0,1005,13,23,3,6,0,
58749,11.5.2011 20:19:00,11.5.2011 20:07:00,0,1005,13,23,3,6,0,
58750,11.5.2011 20:07:00,11.5.2011 6:00:00,0,1005,13,21,3,7,0,
58751,11.5.2011 20:21:00,11.5.2011 9:14:00,0,1005,13,21,3,7,0,
58752,11.5.2011 13:47:00,11.5.2011 13:35:00,0,1005,13,21,3,7,0,
58753,11.5.2011 22:48:00,11.5.2011 6:00:00,0,1005,11,15,3,8,0,
58754,11.5.2011 18:40:00,11.5.2011 6:01:00,0,1005,11,20,3,9,0,
58755,11.5.2011 18:41:00,11.5.2011 18:41:00,0,1005,11,20,3,9,0,
58756,11.5.2011 12:31:00,11.5.2011 6:08:00,0,1005,13,21,3,10,0,
58757,11.5.2011 20:37:00,11.5.2011 6:21:00,0,1005,13,21,3,10,0,
58758,11.5.2011 20:51:00,11.5.2011 10:01:00,0,1005,13,21,3,10,0,
58759,11.5.2011 23:00:00,11.5.2011 6:01:00,0,1005,11,20,3,11,0,
58760,11.5.2011 21:53:00,11.5.2011 6:00:00,0,1005,11,15,3,12,0,
58761,11.5.2011 21:54:00,11.5.2011 21:54:00,0,1005,11,15,3,12,0,
58762,11.5.2011 20:55:00,11.5.2011 6:00:00,0,1005,13,14,3,13,0,
58763,11.5.2011 21:09:00,11.5.2011 20:57:00,0,1005,13,14,3,13,0,
58764,11.5.2011 6:46:00,11.5.2011 6:32:00,0,1005,14,12,3,14,0,
58765,11.5.2011 21:20:00,11.5.2011 6:49:00,0,1005,14,12,3,14,0,
58766,11.5.2011 21:37:00,11.5.2011 21:23:00,0,1005,14,12,3,14,0,
58767,11.5.2011 13:52:00,11.5.2011 6:11:00,0,1005,11,20,3,15,0,
58768,11.5.2011 19:29:00,11.5.2011 6:12:00,0,1005,11,20,3,15,0,
58769,11.5.2011 19:30:00,11.5.2011 9:05:00,0,1005,11,20,3,15,0,
58770,11.5.2011 22:59:00,11.5.2011 6:00:00,0,1005,11,15,3,16,0,
58771,11.5.2011 18:52:00,11.5.2011 6:01:00,0,1005,13,21,3,17,0,
58772,11.5.2011 19:07:00,11.5.2011 18:54:00,0,1005,13,21,3,17,0,
58773,11.5.2011 7:19:00,11.5.2011 7:04:00,0,1005,14,12,3,18,0,
58774,11.5.2011 22:21:00,11.5.2011 7:22:00,0,1005,14,12,3,18,0,
58775,11.5.2011 6:29:00,11.5.2011 6:29:00,0,1005,11,20,3,19,0,
58776,11.5.2011 19:57:00,11.5.2011 6:30:00,0,1005,11,20,3,19,0,
58777,11.5.2011 19:58:00,11.5.2011 19:58:00,0,1005,11,20,3,19,0,
58778,11.5.2011 14:32:00,11.5.2011 6:53:00,0,1005,11,12,3,20,0,
58779,11.5.2011 20:11:00,11.5.2011 6:54:00,0,1005,11,12,3,20,0,
58780,11.5.2011 20:12:00,11.5.2011 9:45:00,0,1005,11,12,3,20,0,
58781,11.5.2011 6:05:00,11.5.2011 6:00:00,0,1005,13,21,4,1,0,
58782,11.5.2011 19:51:00,11.5.2011 6:06:00,0,1005,13,21,4,1,0,
58783,11.5.2011 20:03:00,11.5.2011 19:53:00,0,1005,13,21,4,1,0,
58784,11.5.2011 6:13:00,11.5.2011 6:00:00,0,1005,14,12,4,2,0,
58785,11.5.2011 19:27:00,11.5.2011 6:15:00,0,1005,14,12,4,2,0,
58786,11.5.2011 19:41:00,11.5.2011 19:30:00,0,1005,14,12,4,2,0,
58787,11.5.2011 6:03:00,11.5.2011 6:00:00,0,1005,14,12,4,3,0,
58788,11.5.2011 18:28:00,11.5.2011 6:05:00,0,1005,14,12,4,3,0,
58789,11.5.2011 18:42:00,11.5.2011 18:31:00,0,1005,14,12,4,3,0,
58790,11.5.2011 6:31:00,11.5.2011 6:21:00,0,1005,13,21,4,4,0,
58791,11.5.2011 20:06:00,11.5.2011 6:32:00,0,1005,13,21,4,4,0,
58792,11.5.2011 20:18:00,11.5.2011 20:08:00,0,1005,13,21,4,4,0,
58793,11.5.2011 6:50:00,11.5.2011 6:42:00,0,1005,15,14,4,5,0,
58794,11.5.2011 19:47:00,11.5.2011 6:52:00,0,1005,15,14,4,5,0,
58795,11.5.2011 19:56:00,11.5.2011 19:49:00,0,1005,15,14,4,5,0,
58796,11.5.2011 14:03:00,11.5.2011 6:13:00,0,1005,14,12,4,6,0,
58797,11.5.2011 19:57:00,11.5.2011 6:27:00,0,1005,14,12,4,6,0,
58798,11.5.2011 20:11:00,11.5.2011 8:46:00,0,1005,14,12,4,6,0,
58799,11.5.2011 18:19:00,11.5.2011 6:00:00,0,1005,13,21,4,7,0,
58800,11.5.2011 18:32:00,11.5.2011 18:21:00,0,1005,13,21,4,7,0,
58801,11.5.2011 20:12:00,11.5.2011 6:00:00,0,1005,14,12,4,8,0,
58802,11.5.2011 20:26:00,11.5.2011 20:15:00,0,1005,14,12,4,8,0,
58803,11.5.2011 14:09:00,11.5.2011 6:06:00,0,1005,13,21,4,9,0,
58804,11.5.2011 19:41:00,11.5.2011 6:17:00,0,1005,13,21,4,9,0,
58805,11.5.2011 19:53:00,11.5.2011 8:40:00,0,1005,13,21,4,9,0,
58806,11.5.2011 6:15:00,11.5.2011 6:07:00,0,1005,15,14,4,10,0,
58807,11.5.2011 9:16:00,11.5.2011 6:17:00,0,1005,15,14,4,10,0,
58808,11.5.2011 9:25:00,11.5.2011 9:18:00,0,1005,15,14,4,10,0,
58809,11.5.2011 6:28:00,11.5.2011 6:16:00,0,1005,14,12,4,11,0,
58810,11.5.2011 8:51:00,11.5.2011 6:36:00,0,1005,14,12,4,11,0,
58811,11.5.2011 9:10:00,11.5.2011 8:54:00,0,1005,14,12,4,11,0,
58812,11.5.2011 7:13:00,11.5.2011 7:05:00,0,1005,15,14,4,12,0,
58813,11.5.2011 8:36:00,11.5.2011 7:16:00,0,1005,15,14,4,12,0,
58814,11.5.2011 8:45:00,11.5.2011 8:38:00,0,1005,15,14,4,12,0,
58815,11.5.2011 6:35:00,11.5.2011 6:20:00,0,1005,11,11,5,1,0,
58816,11.5.2011 20:36:00,11.5.2011 6:37:00,0,1005,11,11,5,1,0,
58817,11.5.2011 20:53:00,11.5.2011 20:37:00,0,1005,11,11,5,1,0,
58818,11.5.2011 6:09:00,11.5.2011 6:03:00,0,1005,18,13,5,2,0,
58819,11.5.2011 19:39:00,11.5.2011 6:10:00,0,1005,18,13,5,2,0,
58820,11.5.2011 19:48:00,11.5.2011 19:40:00,0,1005,18,13,5,2,0,
58821,11.5.2011 6:39:00,11.5.2011 6:32:00,0,1005,18,13,5,3,0,
58822,11.5.2011 18:11:00,11.5.2011 6:40:00,0,1005,18,13,5,3,0,
58823,11.5.2011 18:22:00,11.5.2011 18:12:00,0,1005,18,13,5,3,0,
58824,11.5.2011 19:23:00,11.5.2011 6:01:00,0,1005,12,11,5,4,0,
58825,11.5.2011 19:38:00,11.5.2011 9:26:00,0,1005,12,11,5,4,0,
58826,11.5.2011 14:09:00,11.5.2011 13:55:00,0,1005,12,11,5,4,0,
58827,11.5.2011 6:49:00,11.5.2011 6:42:00,0,1005,18,13,5,5,0,
58828,11.5.2011 19:59:00,11.5.2011 6:50:00,0,1005,18,13,5,5,0,
58829,11.5.2011 20:08:00,11.5.2011 20:00:00,0,1005,18,13,5,5,0,
58830,11.5.2011 6:01:00,11.5.2011 6:01:00,0,1005,12,11,5,6,0,
58831,11.5.2011 22:59:00,11.5.2011 6:03:00,0,1005,12,11,5,6,0,
58832,11.5.2011 6:12:00,11.5.2011 6:00:00,0,1005,12,11,5,7,0,
58833,11.5.2011 19:50:00,11.5.2011 6:14:00,0,1005,12,11,5,7,0,
58834,11.5.2011 20:05:00,11.5.2011 19:53:00,0,1005,12,11,5,7,0,
58835,11.5.2011 14:10:00,11.5.2011 7:13:00,0,1005,18,13,5,8,0,
58836,11.5.2011 23:00:00,11.5.2011 7:23:00,0,1005,18,13,5,8,0,
58837,11.5.2011 10:32:00,11.5.2011 10:22:00,0,1005,18,13,5,8,0,
58838,11.5.2011 19:01:00,11.5.2011 6:30:00,0,1005,18,13,5,9,0,
58839,11.5.2011 19:10:00,11.5.2011 19:02:00,0,1005,18,13,5,9,0,
58840,11.5.2011 20:11:00,11.5.2011 6:00:00,0,1005,12,11,5,10,0,
58841,11.5.2011 20:26:00,11.5.2011 20:14:00,0,1005,12,11,5,10,0,
58842,11.5.2011 18:43:00,11.5.2011 6:00:00,0,1005,12,11,5,11,0,
58843,11.5.2011 18:59:00,11.5.2011 18:46:00,0,1005,12,11,5,11,0,
58844,11.5.2011 14:42:00,11.5.2011 7:37:00,0,1005,18,13,5,12,0,
58845,11.5.2011 20:52:00,11.5.2011 7:47:00,0,1005,18,13,5,12,0,
58846,11.5.2011 21:01:00,11.5.2011 9:00:00,0,1005,18,13,5,12,0,
58847,11.5.2011 7:08:00,11.5.2011 7:07:00,0,1005,13,13,6,1,0,
58848,11.5.2011 18:53:00,11.5.2011 7:09:00,0,1005,13,13,6,1,0,
58849,11.5.2011 18:58:00,11.5.2011 18:54:00,0,1005,13,13,6,1,0,
58850,11.5.2011 6:24:00,11.5.2011 6:23:00,0,1005,13,13,6,2,0,
58851,11.5.2011 9:33:00,11.5.2011 6:25:00,0,1005,13,13,6,2,0,
58852,11.5.2011 9:38:00,11.5.2011 9:34:00,0,1005,13,13,6,2,0,
58853,11.5.2011 6:15:00,11.5.2011 6:13:00,0,1005,15,13,6,3,0,
58854,11.5.2011 9:26:00,11.5.2011 6:17:00,0,1005,15,13,6,3,0,
58855,11.5.2011 9:29:00,11.5.2011 9:27:00,0,1005,15,13,6,3,0,
58856,11.5.2011 6:00:00,11.5.2011 6:00:00,0,1005,13,13,6,4,0,
58857,11.5.2011 9:01:00,11.5.2011 6:01:00,0,1005,13,13,6,4,0,
58858,11.5.2011 9:06:00,11.5.2011 9:02:00,0,1005,13,13,6,4,0,
58859,11.5.2011 6:58:00,11.5.2011 6:51:00,0,1005,14,11,6,31,0,
58860,11.5.2011 18:16:00,11.5.2011 7:00:00,0,1005,14,11,6,31,0,
58861,11.5.2011 23:00:00,11.5.2011 19:02:00,0,1005,14,11,6,31,0,
58862,11.5.2011 6:01:00,11.5.2011 6:00:00,0,1005,14,12,7,1,0,
58863,11.5.2011 20:33:00,11.5.2011 6:03:00,0,1005,14,12,7,1,0,
58864,11.5.2011 20:41:00,11.5.2011 20:34:00,0,1005,14,12,7,1,0,
58865,11.5.2011 22:59:00,11.5.2011 7:32:00,0,1005,15,14,7,2,0,
58866,11.5.2011 21:52:00,11.5.2011 6:01:00,0,1005,13,21,7,3,0,
58867,11.5.2011 22:03:00,11.5.2011 21:53:00,0,1005,13,21,7,3,0,
58868,11.5.2011 6:18:00,11.5.2011 6:11:00,0,1005,14,12,7,4,0,
58869,11.5.2011 21:12:00,11.5.2011 6:20:00,0,1005,14,12,7,4,0,
58870,11.5.2011 21:20:00,11.5.2011 21:13:00,0,1005,14,12,7,4,0,
58871,11.5.2011 19:57:00,11.5.2011 6:01:00,0,1005,13,21,7,5,0,
58872,11.5.2011 20:08:00,11.5.2011 19:58:00,0,1005,13,21,7,5,0,
58873,11.5.2011 19:14:00,11.5.2011 6:12:00,0,1005,14,12,7,6,0,
58874,11.5.2011 19:22:00,11.5.2011 19:15:00,0,1005,14,12,7,6,0,
58875,11.5.2011 20:58:00,11.5.2011 6:00:00,0,1005,15,14,7,7,0,
58876,11.5.2011 6:52:00,11.5.2011 6:42:00,0,1005,13,21,7,8,0,
58877,11.5.2011 20:21:00,11.5.2011 6:53:00,0,1005,13,21,7,8,0,
58878,11.5.2011 20:32:00,11.5.2011 20:22:00,0,1005,13,21,7,8,0,
58879,11.5.2011 20:34:00,11.5.2011 6:01:00,0,1005,14,12,7,9,0,
58880,11.5.2011 20:43:00,11.5.2011 20:36:00,0,1005,14,12,7,9,0,
58881,11.5.2011 6:03:00,11.5.2011 6:01:00,0,1005,14,12,7,10,0,
58882,11.5.2011 18:45:00,11.5.2011 6:05:00,0,1005,14,12,7,10,0,
58883,11.5.2011 18:54:00,11.5.2011 18:47:00,0,1005,14,12,7,10,0,
58884,11.5.2011 20:26:00,11.5.2011 6:00:00,0,1005,13,21,7,11,0,
58885,11.5.2011 20:37:00,11.5.2011 20:27:00,0,1005,13,21,7,11,0,
58886,11.5.2011 21:48:00,11.5.2011 6:02:00,0,1005,15,14,7,12,0,
58887,11.5.2011 20:53:00,11.5.2011 6:12:00,0,1005,13,21,7,13,0,
58888,11.5.2011 21:04:00,11.5.2011 9:49:00,0,1005,13,21,7,13,0,
58889,11.5.2011 14:01:00,11.5.2011 13:50:00,0,1005,13,21,7,13,0,
58890,11.5.2011 6:10:00,11.5.2011 6:03:00,0,1005,14,12,7,14,0,
58891,11.5.2011 20:13:00,11.5.2011 6:12:00,0,1005,14,12,7,14,0,
58892,11.5.2011 20:21:00,11.5.2011 20:14:00,0,1005,14,12,7,14,0,
58893,11.5.2011 20:08:00,11.5.2011 6:22:00,0,1005,15,14,7,15,0,
58894,11.5.2011 18:08:00,11.5.2011 6:00:00,0,1005,15,14,7,16,0,
58895,11.5.2011 19:19:00,11.5.2011 7:04:00,0,1005,11,20,8,1,0,
58896,11.5.2011 19:20:00,11.5.2011 19:20:00,0,1005,11,20,8,1,0,
58897,11.5.2011 19:29:00,11.5.2011 6:21:00,0,1005,11,12,8,2,0,
58898,11.5.2011 19:30:00,11.5.2011 19:30:00,0,1005,11,12,8,2,0,
58899,11.5.2011 23:00:00,11.5.2011 7:20:00,0,1005,11,20,8,3,0,
58900,11.5.2011 19:03:00,11.5.2011 6:02:00,0,1005,17,12,8,4,0,
58901,11.5.2011 19:15:00,11.5.2011 19:05:00,0,1005,17,12,8,4,0,
58902,11.5.2011 20:49:00,11.5.2011 6:00:00,0,1005,17,12,8,5,0,
58903,11.5.2011 21:01:00,11.5.2011 9:26:00,0,1005,17,12,8,5,0,
58904,11.5.2011 13:39:00,11.5.2011 13:27:00,0,1005,17,12,8,5,0,
58905,11.5.2011 6:15:00,11.5.2011 6:00:00,0,1005,12,12,8,6,0,
58906,11.5.2011 21:45:00,11.5.2011 6:16:00,0,1005,12,12,8,6,0,
58907,11.5.2011 22:02:00,11.5.2011 21:46:00,0,1005,12,12,8,6,0,
58908,11.5.2011 20:08:00,11.5.2011 6:09:00,0,1005,11,20,8,7,0,
58909,11.5.2011 20:09:00,11.5.2011 20:09:00,0,1005,11,20,8,7,0,
58910,11.5.2011 6:41:00,11.5.2011 6:23:00,0,1005,12,12,8,8,0,
58911,11.5.2011 19:45:00,11.5.2011 6:42:00,0,1005,12,12,8,8,0,
58912,11.5.2011 20:02:00,11.5.2011 19:46:00,0,1005,12,12,8,8,0,
58913,11.5.2011 18:36:00,11.5.2011 6:00:00,0,1005,11,12,8,9,0,
58914,11.5.2011 18:37:00,11.5.2011 18:37:00,0,1005,11,12,8,9,0,
58915,11.5.2011 19:44:00,11.5.2011 6:29:00,0,1005,17,12,8,10,0,
58916,11.5.2011 19:56:00,11.5.2011 19:46:00,0,1005,17,12,8,10,0,
58917,11.5.2011 20:32:00,11.5.2011 6:40:00,0,1005,11,20,8,11,0,
58918,11.5.2011 20:33:00,11.5.2011 20:33:00,0,1005,11,20,8,11,0,
58919,11.5.2011 20:47:00,11.5.2011 6:06:00,0,1005,11,15,8,12,0,
58920,11.5.2011 20:48:00,11.5.2011 20:48:00,0,1005,11,15,8,12,0,
58921,11.5.2011 21:02:00,11.5.2011 6:00:00,0,1005,11,20,8,13,0,
58922,11.5.2011 21:03:00,11.5.2011 9:17:00,0,1005,11,20,8,13,0,
58923,11.5.2011 20:30:00,11.5.2011 6:01:00,0,1005,13,21,9,1,0,
58924,11.5.2011 19:22:00,11.5.2011 6:00:00,0,1005,18,14,9,2,0,
58925,11.5.2011 23:00:00,11.5.2011 6:00:00,0,1005,13,21,9,3,0,
58926,11.5.2011 19:29:00,11.5.2011 6:01:00,0,1005,18,14,9,4,0,
58927,11.5.2011 21:52:00,11.5.2011 6:06:00,0,1005,18,14,9,5,0,
58928,11.5.2011 18:32:00,11.5.2011 6:35:00,0,1005,13,14,9,6,0,
58929,11.5.2011 22:45:00,11.5.2011 6:01:00,0,1005,18,14,9,7,0,
58930,11.5.2011 19:42:00,11.5.2011 6:00:00,0,1005,18,14,9,8,0,
58931,11.5.2011 6:13:00,11.5.2011 6:13:00,0,1005,18,14,9,9,0,
58932,11.5.2011 22:55:00,11.5.2011 6:14:00,0,1005,18,14,9,9,0,
58933,11.5.2011 6:33:00,11.5.2011 6:33:00,0,1005,18,14,9,10,0,
58934,11.5.2011 23:00:00,11.5.2011 6:34:00,0,1005,18,14,9,10,0,
58935,11.5.2011 18:52:00,11.5.2011 6:55:00,0,1005,13,14,9,11,0,
58936,11.5.2011 6:15:00,11.5.2011 6:15:00,0,1005,18,14,9,12,0,
58937,11.5.2011 19:57:00,11.5.2011 6:16:00,0,1005,18,14,9,12,0,
58938,11.5.2011 6:17:00,11.5.2011 6:17:00,0,1005,18,14,9,13,0,
58939,11.5.2011 23:00:00,11.5.2011 6:18:00,0,1005,18,14,9,13,0,
58940,11.5.2011 19:02:00,11.5.2011 7:22:00,0,1005,13,21,9,14,0,
58941,11.5.2011 6:20:00,11.5.2011 6:20:00,0,1005,18,14,9,15,0,
58942,11.5.2011 22:03:00,11.5.2011 6:21:00,0,1005,18,14,9,15,0,
58943,11.5.2011 13:33:00,11.5.2011 6:31:00,0,1005,18,14,9,16,0,
58944,11.5.2011 22:59:00,11.5.2011 6:32:00,0,1005,18,14,9,16,0,
58945,11.5.2011 20:21:00,11.5.2011 6:01:00,0,1005,18,14,9,17,0,
58946,11.5.2011 6:35:00,11.5.2011 6:35:00,0,1005,18,14,9,18,0,
58947,11.5.2011 22:59:00,11.5.2011 6:36:00,0,1005,18,14,9,18,0,
58948,11.5.2011 20:31:00,11.5.2011 6:00:00,0,1005,18,14,9,19,0,
58949,11.5.2011 19:27:00,11.5.2011 6:01:00,0,1005,13,14,9,20,0,
58950,11.5.2011 6:40:00,11.5.2011 6:40:00,0,1005,18,14,9,21,0,
58951,11.5.2011 18:22:00,11.5.2011 6:41:00,0,1005,18,14,9,21,0,
58952,11.5.2011 23:00:00,11.5.2011 6:07:00,0,1005,13,21,9,22,0,
58953,11.5.2011 13:59:00,11.5.2011 6:57:00,0,1005,18,14,9,23,0,
58954,11.5.2011 20:41:00,11.5.2011 6:58:00,0,1005,18,14,9,23,0,
58955,11.5.2011 20:17:00,11.5.2011 6:04:00,0,1005,18,14,9,24,0,
58956,11.5.2011 22:43:00,11.5.2011 6:01:00,0,1005,13,14,9,25,0,
58957,11.5.2011 22:53:00,11.5.2011 6:01:00,0,1005,13,21,9,26,0,
58958,11.5.2011 23:00:00,11.5.2011 6:04:00,0,1005,13,12,9,27,0,
58959,11.5.2011 18:52:00,11.5.2011 6:00:00,0,1005,18,14,9,28,0,
58960,11.5.2011 14:19:00,11.5.2011 14:19:00,0,1005,18,14,9,28,0,
58961,11.5.2011 7:14:00,11.5.2011 7:14:00,0,1005,18,14,9,29,0,
58962,11.5.2011 21:11:00,11.5.2011 7:16:00,0,1005,18,14,9,29,0,
58963,11.5.2011 23:00:00,11.5.2011 6:09:00,0,1005,13,21,9,30,0,
58964,11.5.2011 20:55:00,11.5.2011 6:00:00,0,1005,18,14,9,31,0,
58965,11.5.2011 22:59:00,11.5.2011 6:15:00,0,1005,13,14,9,32,0,
58966,11.5.2011 19:12:00,11.5.2011 6:01:00,0,1005,18,14,9,33,0,
58967,11.5.2011 14:39:00,11.5.2011 14:39:00,0,1005,18,14,9,33,0,
58968,11.5.2011 23:00:00,11.5.2011 6:01:00,0,1005,18,14,9,34,0,
58969,11.5.2011 19:20:00,11.5.2011 7:23:00,0,1005,13,21,10,1,0,
58970,11.5.2011 22:59:00,11.5.2011 6:00:00,0,1005,13,14,10,2,0,
58971,11.5.2011 6:26:00,11.5.2011 6:24:00,0,1005,12,12,10,3,0,
58972,11.5.2011 23:00:00,11.5.2011 6:27:00,0,1005,12,12,10,3,0,
58973,11.5.2011 19:45:00,11.5.2011 6:01:00,0,1005,13,21,10,4,0,
58974,11.5.2011 6:44:00,11.5.2011 6:42:00,0,1005,12,12,10,5,0,
58975,11.5.2011 22:42:00,11.5.2011 6:45:00,0,1005,12,12,10,5,0,
58976,11.5.2011 18:36:00,11.5.2011 6:00:00,0,1005,12,12,10,6,0,
58977,11.5.2011 18:40:00,11.5.2011 18:38:00,0,1005,12,12,10,6,0,
58978,11.5.2011 20:01:00,11.5.2011 6:30:00,0,1005,13,14,10,7,0,
58979,11.5.2011 20:57:00,11.5.2011 6:02:00,0,1005,11,12,10,8,0,
58980,11.5.2011 21:12:00,11.5.2011 21:00:00,0,1005,11,12,10,8,0,
58981,11.5.2011 23:00:00,11.5.2011 6:00:00,0,1005,12,12,10,9,0,
58982,11.5.2011 7:22:00,11.5.2011 7:20:00,0,1005,12,12,10,10,0,
58983,11.5.2011 23:00:00,11.5.2011 7:23:00,0,1005,12,12,10,10,0,
58984,11.5.2011 22:59:00,11.5.2011 6:00:00,0,1005,12,12,10,11,0,
58985,11.5.2011 22:28:00,11.5.2011 6:00:00,0,1005,12,12,10,12,0,
58986,11.5.2011 22:32:00,11.5.2011 22:30:00,0,1005,12,12,10,12,0,
58987,11.5.2011 13:36:00,11.5.2011 6:18:00,0,1005,12,12,10,13,0,
58988,11.5.2011 19:47:00,11.5.2011 6:21:00,0,1005,12,12,10,13,0,
58989,11.5.2011 19:51:00,11.5.2011 9:28:00,0,1005,12,12,10,13,0,
58990,11.5.2011 23:00:00,11.5.2011 6:25:00,0,1005,13,21,10,14,0,
58991,11.5.2011 19:49:00,11.5.2011 6:00:00,0,1005,12,12,10,15,0,
58992,11.5.2011 19:53:00,11.5.2011 19:51:00,0,1005,12,12,10,15,0,
58993,11.5.2011 22:57:00,11.5.2011 6:00:00,0,1005,13,21,10,16,0,
58994,11.5.2011 23:00:00,11.5.2011 6:52:00,0,1005,13,14,10,17,0,
58995,11.5.2011 14:16:00,11.5.2011 6:57:00,0,1005,12,12,10,18,0,
58996,11.5.2011 20:13:00,11.5.2011 7:00:00,0,1005,12,12,10,18,0,
58997,11.5.2011 20:17:00,11.5.2011 10:08:00,0,1005,12,12,10,18,0,
58998,11.5.2011 20:22:00,11.5.2011 6:00:00,0,1005,12,12,10,19,0,
58999,11.5.2011 20:26:00,11.5.2011 20:24:00,0,1005,12,12,10,19,0,
59000,11.5.2011 21:59:00,11.5.2011 6:08:00,0,1005,13,21,10,20,0,
59001,11.5.2011 6:04:00,11.5.2011 6:02:00,0,1005,12,12,10,21,0,
59002,11.5.2011 20:47:00,11.5.2011 6:05:00,0,1005,12,12,10,21,0,
59003,11.5.2011 20:51:00,11.5.2011 20:49:00,0,1005,12,12,10,21,0,
59004,11.5.2011 19:18:00,11.5.2011 6:08:00,0,1005,14,12,11,1,0,
59005,11.5.2011 19:26:00,11.5.2011 19:20:00,0,1005,14,12,11,1,0,
59006,11.5.2011 19:23:00,11.5.2011 6:18:00,0,1005,14,24,11,2,0,
59007,11.5.2011 19:31:00,11.5.2011 19:25:00,0,1005,14,24,11,2,0,
59008,11.5.2011 6:53:00,11.5.2011 6:47:00,0,1005,14,24,11,3,0,
59009,11.5.2011 21:19:00,11.5.2011 6:55:00,0,1005,14,24,11,3,0,
59010,11.5.2011 21:27:00,11.5.2011 21:21:00,0,1005,14,24,11,3,0,
59011,11.5.2011 22:59:00,11.5.2011 6:00:00,0,1005,14,24,11,4,0,
59012,11.5.2011 9:42:00,11.5.2011 9:36:00,0,1005,14,24,11,4,0,
59013,11.5.2011 14:03:00,11.5.2011 13:57:00,0,1005,14,24,11,4,0,
59014,11.5.2011 23:00:00,11.5.2011 6:16:00,0,1005,15,14,11,5,0,
59015,11.5.2011 19:52:00,11.5.2011 6:38:00,0,1005,14,24,11,6,0,
59016,11.5.2011 20:00:00,11.5.2011 19:54:00,0,1005,14,24,11,6,0,
59017,11.5.2011 22:59:00,11.5.2011 6:00:00,0,1005,15,14,11,7,0,
59018,11.5.2011 23:00:00,11.5.2011 6:05:00,0,1005,15,14,11,8,0,
59019,11.5.2011 22:55:00,11.5.2011 6:00:00,0,1005,14,24,11,9,0,
59020,11.5.2011 23:00:00,11.5.2011 6:25:00,0,1005,15,14,11,10,0,
59021,11.5.2011 22:45:00,11.5.2011 6:00:00,0,1005,15,14,11,11,0,
59022,11.5.2011 6:14:00,11.5.2011 6:08:00,0,1005,14,12,11,12,0,
59023,11.5.2011 23:00:00,11.5.2011 6:16:00,0,1005,14,12,11,12,0,
59024,11.5.2011 23:00:00,11.5.2011 6:00:00,0,1005,15,14,11,13,0,
59025,11.5.2011 23:00:00,11.5.2011 6:00:00,0,1005,11,12,12,1,0,
59026,11.5.2011 11:05:00,11.5.2011 10:55:00,0,1005,11,12,12,1,0,
59027,11.5.2011 13:41:00,11.5.2011 13:31:00,0,1005,11,12,12,1,0,
59028,11.5.2011 19:33:00,11.5.2011 6:01:00,0,1005,18,14,12,2,0,
59029,11.5.2011 19:42:00,11.5.2011 19:35:00,0,1005,18,14,12,2,0,
59030,11.5.2011 22:59:00,11.5.2011 6:00:00,0,1005,12,12,12,3,0,
59031,11.5.2011 23:00:00,11.5.2011 6:00:00,0,1005,13,21,12,4,0,
59032,11.5.2011 6:06:00,11.5.2011 6:02:00,0,1005,18,14,12,5,0,
59033,11.5.2011 20:03:00,11.5.2011 6:09:00,0,1005,18,14,12,5,0,
59034,11.5.2011 20:12:00,11.5.2011 20:05:00,0,1005,18,14,12,5,0,
59035,11.5.2011 22:49:00,11.5.2011 6:19:00,0,1005,13,12,12,6,0,
59036,11.5.2011 13:01:00,11.5.2011 6:34:00,0,1005,13,12,12,7,0,
59037,11.5.2011 19:50:00,11.5.2011 6:45:00,0,1005,13,12,12,7,0,
59038,11.5.2011 20:01:00,11.5.2011 9:32:00,0,1005,13,12,12,7,0,
59039,11.5.2011 14:35:00,11.5.2011 7:19:00,0,1005,18,14,12,8,0,
59040,11.5.2011 18:23:00,11.5.2011 7:27:00,0,1005,18,14,12,8,0,
59041,11.5.2011 18:33:00,11.5.2011 9:14:00,0,1005,18,14,12,8,0,
59042,11.5.2011 6:26:00,11.5.2011 6:22:00,0,1005,18,14,12,9,0,
59043,11.5.2011 20:24:00,11.5.2011 6:29:00,0,1005,18,14,12,9,0,
59044,11.5.2011 20:33:00,11.5.2011 20:26:00,0,1005,18,14,12,9,0,
59045,11.5.2011 22:59:00,11.5.2011 6:01:00,0,1005,13,21,12,10,0,
59046,11.5.2011 6:46:00,11.5.2011 6:33:00,0,1005,12,12,12,11,0,
59047,11.5.2011 22:59:00,11.5.2011 6:47:00,0,1005,12,12,12,11,0,
59048,11.5.2011 23:00:00,11.5.2011 6:00:00,0,1005,13,21,12,12,0,
59049,11.5.2011 21:20:00,11.5.2011 6:00:00,0,1005,12,12,12,13,0,
59050,11.5.2011 21:36:00,11.5.2011 21:22:00,0,1005,12,12,12,13,0,
59051,11.5.2011 22:43:00,11.5.2011 6:01:00,0,1005,12,12,12,14,0,
59052,11.5.2011 18:53:00,11.5.2011 6:00:00,0,1005,14,12,12,15,0,
59053,11.5.2011 19:13:00,11.5.2011 18:54:00,0,1005,14,12,12,15,0,
59054,11.5.2011 22:59:00,11.5.2011 6:52:00,0,1005,12,12,14,1,0,
59055,11.5.2011 20:17:00,11.5.2011 6:01:00,0,1005,13,21,14,2,0,
59056,11.5.2011 20:28:00,11.5.2011 20:18:00,0,1005,13,21,14,2,0,
59057,11.5.2011 21:06:00,11.5.2011 7:16:00,0,1005,12,12,14,3,0,
59058,11.5.2011 18:52:00,11.5.2011 6:00:00,0,1005,12,12,14,4,0,
59059,11.5.2011 21:21:00,11.5.2011 6:13:00,0,1005,12,12,14,5,0,
59060,11.5.2011 21:36:00,11.5.2011 6:00:00,0,1005,12,12,14,6,0,
59061,11.5.2011 19:20:00,11.5.2011 6:00:00,0,1005,12,12,14,7,0,
59062,11.5.2011 14:00:00,11.5.2011 6:00:00,0,1005,14,12,14,8,0,
59063,11.5.2011 18:45:00,11.5.2011 6:13:00,0,1005,14,12,14,8,0,
59064,11.5.2011 19:04:00,11.5.2011 9:18:00,0,1005,14,12,14,8,0,
59065,11.5.2011 21:51:00,11.5.2011 7:56:00,0,1005,12,12,14,9,0,
59066,11.5.2011 19:38:00,11.5.2011 6:01:00,0,1005,12,12,14,10,0,
59067,11.5.2011 22:11:00,11.5.2011 6:01:00,0,1005,12,12,14,11,0,
59068,11.5.2011 19:15:00,11.5.2011 6:01:00,0,1005,13,21,14,12,0,
59069,11.5.2011 19:26:00,11.5.2011 19:16:00,0,1005,13,21,14,12,0,
59070,11.5.2011 13:51:00,11.5.2011 6:47:00,0,1005,13,12,14,13,0,
59071,11.5.2011 21:37:00,11.5.2011 6:58:00,0,1005,13,12,14,13,0,
59072,11.5.2011 21:48:00,11.5.2011 10:05:00,0,1005,13,12,14,13,0,
59073,11.5.2011 20:07:00,11.5.2011 6:12:00,0,1005,12,12,14,14,0,
59074,11.5.2011 21:50:00,11.5.2011 6:22:00,0,1005,13,21,14,15,0,
59075,11.5.2011 22:01:00,11.5.2011 21:51:00,0,1005,13,21,14,15,0,
59076,11.5.2011 7:15:00,11.5.2011 6:58:00,0,1005,14,12,14,16,0,
59077,11.5.2011 22:52:00,11.5.2011 7:17:00,0,1005,14,12,14,16,0,
59078,11.5.2011 18:12:00,11.5.2011 6:32:00,0,1005,12,12,14,17,0,
59079,11.5.2011 22:59:00,11.5.2011 6:03:00,0,1005,14,12,14,18,0,
59080,11.5.2011 22:28:00,11.5.2011 6:00:00,0,1005,17,22,15,1,0,
59081,11.5.2011 22:44:00,11.5.2011 6:00:00,0,1005,17,22,15,2,0,
59082,11.5.2011 6:06:00,11.5.2011 6:03:00,0,1005,11,11,15,3,0,
59083,11.5.2011 22:48:00,11.5.2011 6:08:00,0,1005,11,11,15,3,0,
59084,11.5.2011 6:17:00,11.5.2011 6:14:00,0,1005,11,11,15,4,0,
59085,11.5.2011 21:19:00,11.5.2011 6:19:00,0,1005,11,11,15,4,0,
59086,11.5.2011 21:25:00,11.5.2011 21:21:00,0,1005,11,11,15,4,0,
59087,11.5.2011 6:49:00,11.5.2011 6:35:00,0,1005,12,11,15,5,0,
59088,11.5.2011 23:00:00,11.5.2011 6:51:00,0,1005,12,11,15,5,0,
59089,11.5.2011 23:00:00,11.5.2011 6:01:00,0,1005,11,11,15,6,0,
59090,11.5.2011 9:21:00,11.5.2011 9:17:00,0,1005,11,11,15,6,0,
59091,11.5.2011 13:39:00,11.5.2011 13:36:00,0,1005,11,11,15,6,0,
59092,11.5.2011 6:35:00,11.5.2011 6:32:00,0,1005,11,11,15,31,0,
59093,11.5.2011 18:03:00,11.5.2011 6:37:00,0,1005,11,11,15,31,0,
59094,11.5.2011 22:58:00,11.5.2011 18:47:00,0,1005,11,11,15,31,0,
59095,11.5.2011 18:35:00,11.5.2011 6:00:00,0,1005,11,11,15,32,0,
59096,11.5.2011 22:59:00,11.5.2011 18:57:00,0,1005,11,11,15,32,0,
59097,11.5.2011 7:15:00,11.5.2011 7:12:00,0,1005,11,11,15,33,0,
59098,11.5.2011 19:11:00,11.5.2011 7:17:00,0,1005,11,11,15,33,0,
59099,11.5.2011 22:46:00,11.5.2011 19:30:00,0,1005,11,11,15,33,0,
59100,11.5.2011 13:37:00,11.5.2011 7:01:00,0,1005,18,12,16,1,0,
59101,11.5.2011 21:14:00,11.5.2011 7:03:00,0,1005,18,12,16,1,0,
59102,11.5.2011 21:29:00,11.5.2011 6:01:00,0,1005,18,12,16,2,0,
59103,11.5.2011 19:44:00,11.5.2011 6:00:00,0,1005,18,12,16,3,0,
59104,11.5.2011 20:32:00,11.5.2011 6:01:00,0,1005,13,21,16,4,0,
59105,11.5.2011 18:56:00,11.5.2011 6:02:00,0,1005,13,21,16,5,0,
59106,11.5.2011 22:03:00,11.5.2011 6:00:00,0,1005,18,12,16,6,0,
59107,11.5.2011 14:17:00,11.5.2011 14:17:00,0,1005,18,12,16,6,0,
59108,11.5.2011 6:36:00,11.5.2011 6:36:00,0,1005,18,12,16,7,0,
59109,11.5.2011 20:10:00,11.5.2011 6:37:00,0,1005,18,12,16,7,0,
59110,11.5.2011 21:02:00,11.5.2011 6:01:00,0,1005,13,21,16,8,0,
59111,11.5.2011 6:50:00,11.5.2011 6:50:00,0,1005,18,12,16,9,0,
59112,11.5.2011 18:39:00,11.5.2011 6:51:00,0,1005,18,12,16,9,0,
59113,11.5.2011 21:17:00,11.5.2011 6:01:00,0,1005,13,21,16,10,0,
59114,11.5.2011 13:52:00,11.5.2011 6:48:00,0,1005,14,12,16,11,0,
59115,11.5.2011 21:46:00,11.5.2011 7:06:00,0,1005,14,12,16,11,0,
59116,11.5.2011 22:04:00,11.5.2011 9:54:00,0,1005,14,12,16,11,0,
59117,11.5.2011 19:45:00,11.5.2011 6:00:00,0,1005,13,21,16,12,0,
59118,11.5.2011 20:59:00,11.5.2011 6:00:00,0,1005,18,12,16,13,0,
59119,11.5.2011 19:18:00,11.5.2011 6:00:00,0,1005,18,12,16,14,0,
59120,11.5.2011 9:18:00,11.5.2011 6:00:00,0,1005,14,12,16,15,0,
59121,11.5.2011 9:37:00,11.5.2011 9:21:00,0,1005,14,12,16,15,0,
59122,11.5.2011 6:43:00,11.5.2011 6:27:00,0,1005,14,12,16,16,0,
59123,11.5.2011 9:26:00,11.5.2011 6:45:00,0,1005,14,12,16,16,0,
59124,11.5.2011 9:45:00,11.5.2011 9:29:00,0,1005,14,12,16,16,0,
59125,11.5.2011 9:43:00,11.5.2011 6:00:00,0,1005,14,12,16,17,0,
59126,11.5.2011 10:02:00,11.5.2011 9:46:00,0,1005,14,12,16,17,0,
59127,11.5.2011 6:14:00,11.5.2011 6:03:00,0,1005,13,21,17,1,0,
59128,11.5.2011 22:59:00,11.5.2011 6:16:00,0,1005,13,21,17,1,0,
59129,11.5.2011 20:34:00,11.5.2011 6:00:00,0,1005,12,12,17,2,0,
59130,11.5.2011 20:37:00,11.5.2011 20:35:00,0,1005,12,12,17,2,0,
59131,11.5.2011 13:05:00,11.5.2011 6:28:00,0,1005,12,12,17,3,0,
59132,11.5.2011 22:43:00,11.5.2011 6:31:00,0,1005,12,12,17,3,0,
59133,11.5.2011 9:22:00,11.5.2011 9:20:00,0,1005,12,12,17,3,0,
59134,11.5.2011 6:34:00,11.5.2011 6:20:00,0,1005,14,12,17,4,0,
59135,11.5.2011 22:59:00,11.5.2011 6:37:00,0,1005,14,12,17,4,0,
59136,11.5.2011 23:00:00,11.5.2011 6:00:00,0,1005,12,12,17,5,0,
59137,11.5.2011 20:46:00,11.5.2011 6:09:00,0,1005,14,12,17,6,0,
59138,11.5.2011 21:03:00,11.5.2011 20:49:00,0,1005,14,12,17,6,0,
59139,11.5.2011 6:07:00,11.5.2011 6:05:00,0,1005,12,12,17,7,0,
59140,11.5.2011 23:00:00,11.5.2011 6:08:00,0,1005,12,12,17,7,0,
59141,11.5.2011 19:14:00,11.5.2011 6:00:00,0,1005,12,12,17,8,0,
59142,11.5.2011 19:18:00,11.5.2011 10:54:00,0,1005,12,12,17,8,0,
59143,11.5.2011 13:46:00,11.5.2011 13:44:00,0,1005,12,12,17,8,0,
59144,11.5.2011 23:00:00,11.5.2011 6:00:00,0,1005,14,12,17,9,0,
59145,11.5.2011 6:19:00,11.5.2011 6:17:00,0,1005,12,12,17,10,0,
59146,11.5.2011 23:00:00,11.5.2011 6:20:00,0,1005,12,12,17,10,0,
59147,11.5.2011 22:24:00,11.5.2011 6:01:00,0,1005,13,21,17,11,0,
59148,11.5.2011 22:44:00,11.5.2011 6:01:00,0,1005,14,12,17,12,0,
59149,11.5.2011 19:57:00,11.5.2011 6:00:00,0,1005,12,12,17,13,0,
59150,11.5.2011 20:01:00,11.5.2011 10:00:00,0,1005,12,12,17,13,0,
59151,11.5.2011 14:25:00,11.5.2011 14:23:00,0,1005,12,12,17,13,0,
59152,11.5.2011 22:48:00,11.5.2011 6:00:00,0,1005,12,12,17,14,0,
59153,11.5.2011 22:51:00,11.5.2011 22:49:00,0,1005,12,12,17,14,0,
59154,11.5.2011 23:00:00,11.5.2011 6:00:00,0,1005,12,12,17,15,0,
59155,11.5.2011 7:17:00,11.5.2011 7:15:00,0,1005,12,12,17,16,0,
59156,11.5.2011 20:27:00,11.5.2011 7:18:00,0,1005,12,12,17,16,0,
59157,11.5.2011 20:31:00,11.5.2011 20:29:00,0,1005,12,12,17,16,0,
59158,11.5.2011 19:25:00,11.5.2011 6:00:00,0,1005,14,12,17,17,0,
59159,11.5.2011 19:42:00,11.5.2011 19:28:00,0,1005,14,12,17,17,0,
59160,11.5.2011 13:34:00,11.5.2011 6:00:00,0,1005,14,12,17,18,0,
59161,11.5.2011 22:57:00,11.5.2011 6:16:00,0,1005,14,12,17,18,0,
59162,11.5.2011 9:50:00,11.5.2011 9:36:00,0,1005,14,12,17,18,0,
59163,11.5.2011 23:00:00,11.5.2011 6:00:00,0,1005,12,12,17,19,0,
59164,11.5.2011 22:08:00,11.5.2011 6:24:00,0,1005,14,24,18,1,0,
59165,11.5.2011 22:59:00,11.5.2011 6:43:00,0,1005,14,12,18,2,0,
59166,11.5.2011 20:11:00,11.5.2011 6:02:00,0,1005,14,24,18,3,0,
59167,11.5.2011 22:48:00,11.5.2011 6:05:00,0,1005,13,21,18,4,0,
59168,11.5.2011 18:25:00,11.5.2011 6:15:00,0,1005,14,24,18,5,0,
59169,11.5.2011 22:56:00,11.5.2011 6:01:00,0,1005,17,12,18,6,0,
59170,11.5.2011 9:47:00,11.5.2011 9:34:00,0,1005,17,12,18,6,0,
59171,11.5.2011 13:42:00,11.5.2011 13:29:00,0,1005,17,12,18,6,0,
59172,11.5.2011 20:41:00,11.5.2011 7:15:00,0,1005,14,24,18,7,0,
59173,11.5.2011 22:59:00,11.5.2011 6:02:00,0,1005,14,24,18,8,0,
59174,11.5.2011 6:03:00,11.5.2011 6:00:00,0,1005,13,21,18,9,0,
59175,11.5.2011 22:53:00,11.5.2011 6:05:00,0,1005,13,21,18,9,0,
59176,11.5.2011 23:00:00,11.5.2011 22:55:00,0,1005,13,21,18,9,0,
59177,11.5.2011 20:31:00,11.5.2011 6:01:00,0,1005,17,12,18,10,0,
59178,11.5.2011 20:46:00,11.5.2011 20:34:00,0,1005,17,12,18,10,0,
59179,11.5.2011 19:16:00,11.5.2011 6:04:00,0,1005,14,14,18,11,0,
59180,11.5.2011 22:59:00,11.5.2011 6:14:00,0,1005,17,12,18,12,0,
59181,11.5.2011 21:33:00,11.5.2011 6:01:00,0,1005,14,12,18,13,0,
59182,11.5.2011 6:45:00,11.5.2011 6:27:00,0,1005,13,21,18,14,0,
59183,11.5.2011 22:59:00,11.5.2011 6:47:00,0,1005,13,21,18,14,0,
59184,11.5.2011 19:03:00,11.5.2011 6:00:00,0,1005,11,20,19,1,0,
59185,11.5.2011 20:36:00,11.5.2011 6:02:00,0,1005,11,15,19,2,0,
59186,11.5.2011 19:22:00,11.5.2011 6:12:00,0,1005,11,12,19,3,0,
59187,11.5.2011 19:31:00,11.5.2011 6:00:00,0,1005,11,15,19,4,0,
59188,11.5.2011 21:17:00,11.5.2011 6:00:00,0,1005,11,20,19,5,0,
59189,11.5.2011 19:50:00,11.5.2011 6:33:00,0,1005,11,12,19,6,0,
59190,11.5.2011 19:59:00,11.5.2011 6:16:00,0,1005,11,12,19,7,0,
59191,11.5.2011 21:05:00,11.5.2011 6:05:00,0,1005,15,14,19,8,0,
59192,11.5.2011 19:27:00,11.5.2011 6:03:00,0,1005,15,14,19,9,0,
59193,11.5.2011 18:40:00,11.5.2011 6:54:00,0,1005,11,20,19,10,0,
59194,11.5.2011 18:48:00,11.5.2011 6:27:00,0,1005,11,12,19,11,0,
59195,11.5.2011 18:55:00,11.5.2011 6:02:00,0,1005,11,12,19,12,0,
59196,11.5.2011 20:12:00,11.5.2011 6:00:00,0,1005,14,12,20,1,0,
59197,11.5.2011 20:35:00,11.5.2011 20:14:00,0,1005,14,12,20,1,0,
59198,11.5.2011 6:51:00,11.5.2011 6:49:00,0,1005,17,23,20,2,0,
59199,11.5.2011 23:00:00,11.5.2011 7:05:00,0,1005,17,23,20,2,0,
59200,11.5.2011 23:00:00,11.5.2011 6:06:00,0,1005,13,21,20,3,0,
59201,11.5.2011 19:16:00,11.5.2011 6:01:00,0,1005,14,12,20,4,0,
59202,11.5.2011 19:35:00,11.5.2011 19:17:00,0,1005,14,12,20,4,0,
59203,11.5.2011 20:16:00,11.5.2011 6:00:00,0,1005,17,12,20,5,0,
59204,11.5.2011 20:18:00,11.5.2011 6:01:00,0,1005,17,23,20,6,0,
59205,11.5.2011 18:20:00,11.5.2011 6:00:00,0,1005,17,12,20,7,0,
59206,11.5.2011 13:56:00,11.5.2011 13:54:00,0,1005,17,12,20,7,0,
59207,11.5.2011 6:16:00,11.5.2011 6:01:00,0,1005,14,12,20,8,0,
59208,11.5.2011 21:51:00,11.5.2011 6:18:00,0,1005,14,12,20,8,0,
59209,11.5.2011 22:10:00,11.5.2011 21:52:00,0,1005,14,12,20,8,0,
59210,11.5.2011 6:20:00,11.5.2011 6:10:00,0,1005,13,21,20,9,0,
59211,11.5.2011 22:41:00,11.5.2011 6:21:00,0,1005,13,21,20,9,0,
59212,11.5.2011 22:59:00,11.5.2011 6:01:00,0,1005,13,21,20,10,0,
59213,11.5.2011 6:13:00,11.5.2011 6:11:00,0,1005,17,12,20,11,0,
59214,11.5.2011 22:59:00,11.5.2011 6:18:00,0,1005,17,12,20,11,0,
59215,11.5.2011 6:58:00,11.5.2011 6:48:00,0,1005,13,21,20,12,0,
59216,11.5.2011 20:21:00,11.5.2011 6:59:00,0,1005,13,21,20,12,0,
59217,11.5.2011 20:32:00,11.5.2011 20:22:00,0,1005,13,21,20,12,0,
59218,11.5.2011 14:46:00,11.5.2011 14:44:00,0,1005,17,12,20,13,0,
59219,11.5.2011 23:00:00,11.5.2011 14:57:00,0,1005,17,12,20,13,0,
59220,11.5.2011 6:22:00,11.5.2011 6:20:00,0,1005,17,23,20,14,0,
59221,11.5.2011 22:52:00,11.5.2011 6:30:00,0,1005,17,23,20,14,0,
59222,11.5.2011 13:37:00,11.5.2011 6:00:00,0,1005,14,12,20,15,0,
59223,11.5.2011 18:37:00,11.5.2011 6:10:00,0,1005,14,12,20,15,0,
59224,11.5.2011 18:57:00,11.5.2011 10:11:00,0,1005,14,12,20,15,0,
59225,11.5.2011 22:39:00,11.5.2011 6:02:00,0,1005,13,21,20,16,0,
59226,11.5.2011 22:50:00,11.5.2011 22:40:00,0,1005,13,21,20,16,0,
59227,11.5.2011 19:45:00,11.5.2011 6:00:00,0,1005,11,20,21,1,0,
59228,11.5.2011 20:15:00,11.5.2011 19:46:00,0,1005,11,20,21,1,0,
59229,11.5.2011 7:03:00,11.5.2011 6:49:00,0,1005,14,12,21,2,0,
59230,11.5.2011 19:47:00,11.5.2011 7:06:00,0,1005,14,12,21,2,0,
59231,11.5.2011 20:04:00,11.5.2011 19:50:00,0,1005,14,12,21,2,0,
59232,11.5.2011 19:57:00,11.5.2011 6:02:00,0,1005,14,12,21,3,0,
59233,11.5.2011 20:14:00,11.5.2011 20:00:00,0,1005,14,12,21,3,0,
59234,11.5.2011 6:14:00,11.5.2011 6:00:00,0,1005,14,12,21,4,0,
59235,11.5.2011 18:47:00,11.5.2011 6:17:00,0,1005,14,12,21,4,0,
59236,11.5.2011 19:04:00,11.5.2011 18:50:00,0,1005,14,12,21,4,0,
59237,11.5.2011 14:10:00,11.5.2011 6:00:00,0,1005,14,12,21,5,0,
59238,11.5.2011 20:04:00,11.5.2011 6:10:00,0,1005,14,12,21,5,0,
59239,11.5.2011 20:21:00,11.5.2011 8:24:00,0,1005,14,12,21,5,0,
59240,11.5.2011 6:15:00,11.5.2011 6:02:00,0,1005,11,20,21,6,0,
59241,11.5.2011 19:15:00,11.5.2011 6:17:00,0,1005,11,20,21,6,0,
59242,11.5.2011 19:45:00,11.5.2011 19:16:00,0,1005,11,20,21,6,0,
59243,11.5.2011 6:31:00,11.5.2011 6:17:00,0,1005,14,12,21,7,0,
59244,11.5.2011 19:08:00,11.5.2011 6:34:00,0,1005,14,12,21,7,0,
59245,11.5.2011 19:25:00,11.5.2011 19:11:00,0,1005,14,12,21,7,0,
59246,11.5.2011 6:37:00,11.5.2011 6:23:00,0,1005,14,12,21,8,0,
59247,11.5.2011 19:17:00,11.5.2011 6:40:00,0,1005,14,12,21,8,0,
59248,11.5.2011 19:34:00,11.5.2011 19:20:00,0,1005,14,12,21,8,0,
59249,11.5.2011 14:42:00,11.5.2011 6:30:00,0,1005,14,12,21,9,0,
59250,11.5.2011 19:27:00,11.5.2011 6:47:00,0,1005,14,12,21,9,0,
59251,11.5.2011 19:44:00,11.5.2011 9:04:00,0,1005,14,12,21,9,0,
59252,11.5.2011 13:56:00,11.5.2011 6:33:00,0,1005,17,12,22,1,0,
59253,11.5.2011 19:16:00,11.5.2011 6:49:00,0,1005,17,12,22,1,0,
59254,11.5.2011 19:31:00,11.5.2011 9:28:00,0,1005,17,12,22,1,0,
59255,11.5.2011 23:00:00,11.5.2011 6:01:00,0,1005,17,12,22,2,0,
59256,11.5.2011 23:00:00,11.5.2011 6:00:00,0,1005,17,12,22,3,0,
59257,11.5.2011 6:39:00,11.5.2011 6:38:00,0,1005,15,12,22,4,0,
59258,11.5.2011 20:39:00,11.5.2011 6:41:00,0,1005,15,12,22,4,0,
59259,11.5.2011 20:41:00,11.5.2011 20:41:00,0,1005,15,12,22,4,0,
59260,11.5.2011 6:07:00,11.5.2011 6:00:00,0,1005,17,12,22,5,0,
59261,11.5.2011 19:31:00,11.5.2011 6:10:00,0,1005,17,12,22,5,0,
59262,11.5.2011 19:46:00,11.5.2011 19:34:00,0,1005,17,12,22,5,0,
59263,11.5.2011 14:16:00,11.5.2011 6:15:00,0,1005,17,12,22,6,0,
59264,11.5.2011 19:35:00,11.5.2011 6:31:00,0,1005,17,12,22,6,0,
59265,11.5.2011 19:50:00,11.5.2011 9:12:00,0,1005,17,12,22,6,0,
59266,11.5.2011 22:26:00,11.5.2011 6:00:00,0,1005,17,23,22,7,0,
59267,11.5.2011 22:41:00,11.5.2011 22:29:00,0,1005,17,23,22,7,0,
59268,11.5.2011 6:51:00,11.5.2011 6:50:00,0,1005,15,12,22,8,0,
59269,11.5.2011 20:51:00,11.5.2011 6:53:00,0,1005,15,12,22,8,0,
59270,11.5.2011 20:53:00,11.5.2011 20:53:00,0,1005,15,12,22,8,0,
59271,11.5.2011 19:47:00,11.5.2011 6:01:00,0,1005,17,12,22,9,0,
59272,11.5.2011 20:02:00,11.5.2011 8:44:00,0,1005,17,12,22,9,0,
59273,11.5.2011 14:28:00,11.5.2011 14:09:00,0,1005,17,12,22,9,0,
59274,11.5.2011 22:59:00,11.5.2011 6:02:00,0,1005,15,12,22,10,0,
59275,11.5.2011 6:56:00,11.5.2011 6:55:00,0,1005,15,12,22,11,0,
59276,11.5.2011 23:00:00,11.5.2011 6:58:00,0,1005,15,12,22,11,0,
59277,11.5.2011 7:07:00,11.5.2011 7:06:00,0,1005,15,12,22,12,0,
59278,11.5.2011 18:33:00,11.5.2011 7:09:00,0,1005,15,12,22,12,0,
59279,11.5.2011 18:36:00,11.5.2011 18:36:00,0,1005,15,12,22,12,0,
59280,11.5.2011 22:02:00,11.5.2011 6:10:00,0,1005,17,12,22,13,0,
59281,11.5.2011 22:22:00,11.5.2011 22:05:00,0,1005,17,12,22,13,0,
59282,11.5.2011 7:14:00,11.5.2011 7:13:00,0,1005,15,12,22,14,0,
59283,11.5.2011 18:40:00,11.5.2011 7:16:00,0,1005,15,12,22,14,0,
59284,11.5.2011 18:43:00,11.5.2011 18:43:00,0,1005,15,12,22,14,0,
59285,11.5.2011 14:52:00,11.5.2011 6:05:00,0,1005,17,23,22,15,0,
59286,11.5.2011 20:03:00,11.5.2011 6:21:00,0,1005,17,23,22,15,0,
59287,11.5.2011 20:18:00,11.5.2011 8:56:00,0,1005,17,23,22,15,0,
59288,11.5.2011 20:07:00,11.5.2011 6:01:00,0,1005,17,23,22,16,0,
59289,11.5.2011 20:22:00,11.5.2011 20:10:00,0,1005,17,23,22,16,0,
59290,11.5.2011 7:21:00,11.5.2011 7:20:00,0,1005,15,12,22,17,0,
59291,11.5.2011 22:59:00,11.5.2011 7:23:00,0,1005,15,12,22,17,0,
59292,11.5.2011 23:00:00,11.5.2011 6:00:00,0,1005,15,12,22,18,0,
59293,11.5.2011 6:07:00,11.5.2011 6:00:00,0,1005,17,12,22,19,0,
59294,11.5.2011 20:23:00,11.5.2011 6:11:00,0,1005,17,12,22,19,0,
59295,11.5.2011 20:38:00,11.5.2011 20:26:00,0,1005,17,12,22,19,0,
59296,11.5.2011 22:49:00,11.5.2011 6:01:00,0,1005,15,12,22,20,0,
59297,11.5.2011 22:59:00,11.5.2011 6:00:00,0,1005,15,12,22,21,0,
59298,11.5.2011 8:35:00,11.5.2011 8:35:00,0,1005,15,12,22,21,0,
59299,11.5.2011 13:49:00,11.5.2011 13:48:00,0,1005,15,12,22,21,0,
59300,11.5.2011 7:47:00,11.5.2011 7:46:00,0,1005,15,12,22,22,0,
59301,11.5.2011 23:00:00,11.5.2011 7:49:00,0,1005,15,12,22,22,0,
59302,11.5.2011 19:18:00,11.5.2011 6:00:00,0,1005,15,12,22,23,0,
59303,11.5.2011 19:20:00,11.5.2011 19:20:00,0,1005,15,12,22,23,0,
59304,11.5.2011 22:58:00,11.5.2011 6:00:00,0,1005,15,12,22,24,0,
59305,11.5.2011 23:00:00,11.5.2011 6:00:00,0,1005,15,12,22,25,0,
59306,11.5.2011 6:36:00,11.5.2011 6:24:00,0,1005,17,12,22,26,0,
59307,11.5.2011 18:13:00,11.5.2011 6:40:00,0,1005,17,12,22,26,0,
59308,11.5.2011 18:30:00,11.5.2011 18:17:00,0,1005,17,12,22,26,0,
59309,11.5.2011 22:20:00,11.5.2011 6:01:00,0,1005,15,12,22,27,0,
59310,11.5.2011 22:22:00,11.5.2011 22:22:00,0,1005,15,12,22,27,0,
59311,11.5.2011 14:17:00,11.5.2011 6:12:00,0,1005,15,12,22,28,0,
59312,11.5.2011 19:31:00,11.5.2011 6:15:00,0,1005,15,12,22,28,0,
59313,11.5.2011 19:33:00,11.5.2011 8:51:00,0,1005,15,12,22,28,0,
59314,11.5.2011 23:00:00,11.5.2011 6:03:00,0,1005,17,23,22,29,0,
59315,11.5.2011 6:53:00,11.5.2011 6:41:00,0,1005,17,12,22,30,0,
59316,11.5.2011 23:00:00,11.5.2011 6:57:00,0,1005,17,12,22,30,0,
59317,11.5.2011 6:59:00,11.5.2011 6:47:00,0,1005,17,12,22,31,0,
59318,11.5.2011 22:59:00,11.5.2011 7:03:00,0,1005,17,12,22,31,0,
59319,11.5.2011 18:36:00,11.5.2011 6:12:00,0,1005,17,23,22,32,0,
59320,11.5.2011 18:53:00,11.5.2011 18:40:00,0,1005,17,23,22,32,0,
59321,11.5.2011 14:37:00,11.5.2011 6:29:00,0,1005,15,12,22,33,0,
59322,11.5.2011 19:48:00,11.5.2011 6:32:00,0,1005,15,12,22,33,0,
59323,11.5.2011 19:50:00,11.5.2011 9:11:00,0,1005,15,12,22,33,0,
59324,11.5.2011 20:30:00,11.5.2011 6:00:00,0,1005,17,12,22,34,0,
59325,11.5.2011 20:50:00,11.5.2011 20:33:00,0,1005,17,12,22,34,0,
59326,11.5.2011 6:07:00,11.5.2011 6:06:00,0,1005,15,12,22,35,0,
59327,11.5.2011 19:57:00,11.5.2011 6:09:00,0,1005,15,12,22,35,0,
59328,11.5.2011 19:59:00,11.5.2011 19:59:00,0,1005,15,12,22,35,0,
59329,11.5.2011 7:17:00,11.5.2011 7:04:00,0,1005,17,12,22,36,0,
59330,11.5.2011 22:43:00,11.5.2011 7:23:00,0,1005,17,12,22,36,0,
59331,11.5.2011 7:22:00,11.5.2011 7:09:00,0,1005,17,12,22,37,0,
59332,11.5.2011 18:56:00,11.5.2011 7:28:00,0,1005,17,12,22,37,0,
59333,11.5.2011 19:12:00,11.5.2011 19:00:00,0,1005,17,12,22,37,0,
59334,11.5.2011 14:57:00,11.5.2011 6:47:00,0,1005,15,12,22,38,0,
59335,11.5.2011 20:09:00,11.5.2011 6:50:00,0,1005,15,12,22,38,0,
59336,11.5.2011 20:11:00,11.5.2011 9:35:00,0,1005,15,12,22,38,0,
59337,11.5.2011 22:53:00,11.5.2011 6:00:00,0,1005,17,23,22,39,0,
59338,11.5.2011 6:22:00,11.5.2011 6:21:00,0,1005,15,12,22,40,0,
59339,11.5.2011 20:16:00,11.5.2011 6:24:00,0,1005,15,12,22,40,0,
59340,11.5.2011 20:18:00,11.5.2011 20:18:00,0,1005,15,12,22,40,0,
59341,11.5.2011 23:00:00,11.5.2011 6:00:00,0,1005,17,12,22,41,0,
59342,11.5.2011 6:40:00,11.5.2011 6:39:00,0,1005,12,12,24,1,0,
59343,11.5.2011 21:13:00,11.5.2011 6:41:00,0,1005,12,12,24,1,0,
59344,11.5.2011 21:16:00,11.5.2011 21:14:00,0,1005,12,12,24,1,0,
59345,11.5.2011 6:48:00,11.5.2011 6:47:00,0,1005,12,12,24,2,0,
59346,11.5.2011 22:37:00,11.5.2011 6:49:00,0,1005,12,12,24,2,0,
59347,11.5.2011 6:36:00,11.5.2011 6:26:00,0,1005,11,20,24,3,0,
59348,11.5.2011 22:57:00,11.5.2011 6:37:00,0,1005,11,20,24,3,0,
59349,11.5.2011 20:42:00,11.5.2011 6:00:00,0,1005,15,14,24,4,0,
59350,11.5.2011 20:45:00,11.5.2011 20:43:00,0,1005,15,14,24,4,0,
59351,11.5.2011 6:06:00,11.5.2011 6:04:00,0,1005,15,14,24,5,0,
59352,11.5.2011 18:30:00,11.5.2011 6:08:00,0,1005,15,14,24,5,0,
59353,11.5.2011 18:33:00,11.5.2011 18:31:00,0,1005,15,14,24,5,0,
59354,11.5.2011 19:35:00,11.5.2011 6:21:00,0,1005,12,12,24,6,0,
59355,11.5.2011 19:38:00,11.5.2011 9:14:00,0,1005,12,12,24,6,0,
59356,11.5.2011 13:44:00,11.5.2011 13:43:00,0,1005,12,12,24,6,0,
59357,11.5.2011 23:00:00,11.5.2011 6:00:00,0,1005,12,12,24,7,0,
59358,11.5.2011 22:22:00,11.5.2011 6:00:00,0,1005,11,20,24,8,0,
59359,11.5.2011 22:34:00,11.5.2011 22:22:00,0,1005,11,20,24,8,0,
59360,11.5.2011 20:04:00,11.5.2011 6:00:00,0,1005,12,12,24,9,0,
59361,11.5.2011 20:07:00,11.5.2011 20:05:00,0,1005,12,12,24,9,0,
59362,11.5.2011 6:08:00,11.5.2011 6:00:00,0,1005,11,20,24,10,0,
59363,11.5.2011 20:36:00,11.5.2011 6:09:00,0,1005,11,20,24,10,0,
59364,11.5.2011 20:48:00,11.5.2011 20:36:00,0,1005,11,20,24,10,0,
59365,11.5.2011 6:02:00,11.5.2011 6:01:00,0,1005,12,12,24,11,0,
59366,11.5.2011 20:28:00,11.5.2011 6:03:00,0,1005,12,12,24,11,0,
59367,11.5.2011 20:31:00,11.5.2011 20:29:00,0,1005,12,12,24,11,0,
59368,11.5.2011 19:31:00,11.5.2011 6:00:00,0,1005,15,14,24,12,0,
59369,11.5.2011 19:34:00,11.5.2011 19:32:00,0,1005,15,14,24,12,0,
59370,11.5.2011 6:22:00,11.5.2011 6:21:00,0,1005,12,12,24,13,0,
59371,11.5.2011 18:33:00,11.5.2011 6:23:00,0,1005,12,12,24,13,0,
59372,11.5.2011 18:36:00,11.5.2011 18:34:00,0,1005,12,12,24,13,0,
59373,11.5.2011 22:59:00,11.5.2011 6:01:00,0,1005,15,14,24,14,0,
59374,11.5.2011 13:58:00,11.5.2011 7:17:00,0,1005,15,14,24,15,0,
59375,11.5.2011 23:00:00,11.5.2011 7:20:00,0,1005,15,14,24,15,0,
59376,11.5.2011 9:13:00,11.5.2011 9:11:00,0,1005,15,14,24,15,0,
59377,11.5.2011 13:47:00,11.5.2011 6:28:00,0,1005,17,12,25,1,0,
59378,11.5.2011 18:21:00,11.5.2011 6:44:00,0,1005,17,12,25,1,0,
59379,11.5.2011 18:38:00,11.5.2011 9:14:00,0,1005,17,12,25,1,0,
59380,11.5.2011 21:01:00,11.5.2011 6:00:00,0,1005,11,20,25,2,0,
59381,11.5.2011 21:15:00,11.5.2011 21:03:00,0,1005,11,20,25,2,0,
59382,11.5.2011 6:10:00,11.5.2011 6:00:00,0,1005,17,23,25,3,0,
59383,11.5.2011 20:51:00,11.5.2011 6:14:00,0,1005,17,23,25,3,0,
59384,11.5.2011 21:06:00,11.5.2011 20:54:00,0,1005,17,23,25,3,0,
59385,11.5.2011 19:49:00,11.5.2011 6:00:00,0,1005,11,12,25,4,0,
59386,11.5.2011 20:01:00,11.5.2011 19:49:00,0,1005,11,12,25,4,0,
59387,11.5.2011 19:34:00,11.5.2011 7:13:00,0,1005,12,12,25,5,0,
59388,11.5.2011 6:01:00,11.5.2011 6:00:00,0,1005,11,12,25,6,0,
59389,11.5.2011 21:31:00,11.5.2011 6:03:00,0,1005,11,12,25,6,0,
59390,11.5.2011 21:45:00,11.5.2011 21:33:00,0,1005,11,12,25,6,0,
59391,11.5.2011 22:49:00,11.5.2011 6:00:00,0,1005,11,20,25,7,0,
59392,11.5.2011 20:02:00,11.5.2011 6:15:00,0,1005,12,12,25,8,0,
59393,11.5.2011 19:29:00,11.5.2011 6:00:00,0,1005,17,12,25,9,0,
59394,11.5.2011 19:44:00,11.5.2011 9:45:00,0,1005,17,12,25,9,0,
59395,11.5.2011 13:24:00,11.5.2011 13:11:00,0,1005,17,12,25,9,0,
59396,11.5.2011 20:17:00,11.5.2011 6:25:00,0,1005,12,12,25,10,0,
59397,11.5.2011 7:00:00,11.5.2011 6:48:00,0,1005,17,23,25,11,0,
59398,11.5.2011 19:45:00,11.5.2011 7:06:00,0,1005,17,23,25,11,0,
59399,11.5.2011 20:00:00,11.5.2011 19:48:00,0,1005,17,23,25,11,0,
59400,11.5.2011 20:16:00,11.5.2011 6:00:00,0,1005,11,23,25,12,0,
59401,11.5.2011 20:30:00,11.5.2011 20:18:00,0,1005,11,23,25,12,0,
59402,11.5.2011 23:00:00,11.5.2011 6:51:00,0,1005,12,12,25,13,0,
59403,11.5.2011 20:15:00,11.5.2011 6:01:00,0,1005,17,23,25,14,0,
59404,11.5.2011 20:30:00,11.5.2011 20:18:00,0,1005,17,23,25,14,0,
59405,11.5.2011 22:59:00,11.5.2011 6:13:00,0,1005,18,14,25,15,0,
59406,11.5.2011 21:14:00,11.5.2011 6:01:00,0,1005,18,14,26,1,0,
59407,11.5.2011 21:19:00,11.5.2011 21:16:00,0,1005,18,14,26,1,0,
59408,11.5.2011 19:38:00,11.5.2011 6:00:00,0,1005,17,23,26,2,0,
59409,11.5.2011 6:11:00,11.5.2011 6:08:00,0,1005,18,14,26,3,0,
59410,11.5.2011 20:24:00,11.5.2011 6:12:00,0,1005,18,14,26,3,0,
59411,11.5.2011 20:29:00,11.5.2011 20:26:00,0,1005,18,14,26,3,0,
59412,11.5.2011 21:45:00,11.5.2011 6:00:00,0,1005,15,14,26,4,0,
59413,11.5.2011 19:03:00,11.5.2011 6:56:00,0,1005,15,12,26,5,0,
59414,11.5.2011 20:22:00,11.5.2011 6:10:00,0,1005,17,23,26,6,0,
59415,11.5.2011 21:54:00,11.5.2011 6:00:00,0,1005,15,14,26,7,0,
59416,11.5.2011 20:37:00,11.5.2011 6:00:00,0,1005,17,12,26,8,0,
59417,11.5.2011 19:34:00,11.5.2011 6:15:00,0,1005,15,14,26,9,0,
59418,11.5.2011 20:39:00,11.5.2011 6:01:00,0,1005,17,23,26,10,0,
59419,11.5.2011 19:47:00,11.5.2011 6:01:00,0,1005,15,14,26,11,0,
59420,11.5.2011 20:00:00,11.5.2011 6:46:00,0,1005,15,12,26,12,0,
59421,11.5.2011 20:14:00,11.5.2011 6:03:00,0,1005,15,14,26,13,0,
59422,11.5.2011 13:30:00,11.5.2011 7:05:00,0,1005,17,12,26,14,0,
59423,11.5.2011 22:34:00,11.5.2011 7:24:00,0,1005,17,12,26,14,0,
59424,11.5.2011 6:06:00,11.5.2011 6:04:00,0,1005,17,23,26,15,0,
59425,11.5.2011 22:54:00,11.5.2011 6:13:00,0,1005,17,23,26,15,0,
59426,11.5.2011 20:32:00,11.5.2011 6:00:00,0,1005,15,14,26,16,0,
59427,11.5.2011 20:02:00,11.5.2011 7:16:00,0,1005,15,14,26,17,0,
59428,11.5.2011 6:25:00,11.5.2011 6:23:00,0,1005,17,12,26,18,0,
59429,11.5.2011 23:00:00,11.5.2011 6:33:00,0,1005,17,12,26,18,0,
59430,11.5.2011 14:10:00,11.5.2011 6:26:00,0,1005,17,23,26,19,0,
59431,11.5.2011 19:25:00,11.5.2011 6:43:00,0,1005,17,23,26,19,0,
59432,11.5.2011 6:36:00,11.5.2011 6:12:00,0,1005,11,11,36,1,0,
59433,11.5.2011 9:23:00,11.5.2011 6:39:00,0,1005,11,11,36,1,0,
59434,11.5.2011 9:53:00,11.5.2011 9:26:00,0,1005,11,11,36,1,0,
59435,11.5.2011 15:30:00,11.5.2011 6:23:00,0,1005,18,13,36,2,0,
59436,11.5.2011 18:08:00,11.5.2011 6:46:00,0,1005,18,13,36,2,0,
59437,11.5.2011 18:34:00,11.5.2011 9:36:00,0,1005,18,13,36,2,0,
59438,11.5.2011 15:19:00,11.5.2011 7:27:00,0,1005,17,22,36,3,0,
59439,11.5.2011 17:57:00,11.5.2011 7:28:00,0,1005,17,22,36,3,0,
59440,11.5.2011 15:27:00,11.5.2011 6:29:00,0,1005,17,11,36,4,0,
59441,11.5.2011 18:05:00,11.5.2011 6:30:00,0,1005,17,11,36,4,0,
59442,11.5.2011 15:35:00,11.5.2011 6:42:00,0,1005,17,22,36,5,0,
59443,11.5.2011 18:13:00,11.5.2011 6:43:00,0,1005,17,22,36,5,0,
59444,11.5.2011 15:43:00,11.5.2011 6:55:00,0,1005,17,11,36,6,0,
59445,11.5.2011 18:21:00,11.5.2011 6:56:00,0,1005,17,11,36,6,0,
59446,11.5.2011 15:51:00,11.5.2011 7:03:00,0,1005,17,22,36,7,0,
59447,11.5.2011 18:29:00,11.5.2011 7:04:00,0,1005,17,22,36,7,0,
59448,11.5.2011 15:38:00,11.5.2011 15:11:00,0,1005,11,11,36,34,0,
59449,11.5.2011 18:17:00,11.5.2011 15:41:00,0,1005,11,11,36,34,0,
59450,11.5.2011 22:26:00,11.5.2011 19:07:00,0,1005,11,11,36,34,0,
59451,11.5.2011 19:09:00,11.5.2011 19:06:00,0,1005,18,13,51,1,0,
59452,11.5.2011 22:59:00,11.5.2011 19:11:00,0,1005,18,13,51,1,0,
59453,11.5.2011 19:18:00,11.5.2011 19:15:00,0,1005,18,13,51,2,0,
59454,11.5.2011 23:00:00,11.5.2011 19:20:00,0,1005,18,13,51,2,0,
59455,11.5.2011 19:19:00,11.5.2011 19:01:00,0,1005,12,11,51,3,0,
59456,11.5.2011 22:51:00,11.5.2011 19:20:00,0,1005,12,11,51,3,0,
59457,11.5.2011 20:18:00,11.5.2011 20:07:00,0,1005,17,11,51,4,0,
59458,11.5.2011 23:00:00,11.5.2011 20:21:00,0,1005,17,11,51,4,0,
59459,11.5.2011 19:53:00,11.5.2011 19:31:00,0,1005,17,11,51,5,0,
59460,11.5.2011 22:49:00,11.5.2011 19:54:00,0,1005,17,11,51,5,0,
59461,11.5.2011 13:55:00,11.5.2011 13:50:00,0,1005,18,13,51,6,0,
59462,11.5.2011 19:39:00,11.5.2011 13:58:00,0,1005,18,13,51,6,0,
59463,11.5.2011 23:00:00,11.5.2011 20:00:00,0,1005,18,13,51,6,0,
59464,11.5.2011 20:38:00,11.5.2011 20:16:00,0,1005,17,11,51,7,0,
59465,11.5.2011 23:00:00,11.5.2011 20:39:00,0,1005,17,11,51,7,0,
59466,11.5.2011 20:21:00,11.5.2011 6:01:00,0,1005,11,11,52,1,0,
59467,11.5.2011 23:00:00,11.5.2011 20:50:00,0,1005,11,11,52,1,0,
59468,11.5.2011 20:15:00,11.5.2011 20:01:00,0,1005,14,11,52,2,0,
59469,11.5.2011 23:00:00,11.5.2011 20:16:00,0,1005,14,11,52,2,0,
59470,11.5.2011 19:17:00,11.5.2011 19:03:00,0,1005,14,11,52,3,0,
59471,11.5.2011 23:00:00,11.5.2011 19:20:00,0,1005,14,11,52,3,0,
59472,11.5.2011 22:59:00,11.5.2011 6:01:00,0,1005,11,11,52,4,0,
59473,11.5.2011 22:33:00,11.5.2011 22:33:00,0,1005,11,11,52,5,0,
59474,11.5.2011 23:00:00,11.5.2011 22:34:00,0,1005,11,11,52,5,0,
59475,11.5.2011 14:27:00,11.5.2011 14:24:00,0,1005,11,11,52,6,0,
59476,11.5.2011 19:53:00,11.5.2011 14:29:00,0,1005,11,11,52,6,0,
59477,11.5.2011 22:41:00,11.5.2011 20:20:00,0,1005,11,11,52,6,0,
59478,11.5.2011 19:06:00,11.5.2011 19:04:00,0,1005,12,11,53,1,0,
59479,11.5.2011 23:00:00,11.5.2011 19:07:00,0,1005,12,11,53,1,0,
59480,11.5.2011 19:27:00,11.5.2011 19:25:00,0,1005,12,11,53,2,0,
59481,11.5.2011 23:00:00,11.5.2011 19:28:00,0,1005,12,11,53,2,0,
59482,11.5.2011 20:17:00,11.5.2011 20:03:00,0,1005,14,11,53,3,0,
59483,11.5.2011 22:53:00,11.5.2011 20:20:00,0,1005,14,11,53,3,0,
59484,11.5.2011 20:16:00,11.5.2011 20:14:00,0,1005,12,11,53,4,0,
59485,11.5.2011 22:59:00,11.5.2011 20:17:00,0,1005,12,11,53,4,0,
59486,11.5.2011 20:37:00,11.5.2011 20:36:00,0,1005,12,11,53,5,0,
59487,11.5.2011 23:00:00,11.5.2011 20:38:00,0,1005,12,11,53,5,0,
59488,11.5.2011 20:52:00,11.5.2011 20:51:00,0,1005,12,11,53,6,0,
59489,11.5.2011 23:00:00,11.5.2011 20:53:00,0,1005,12,11,53,6,0,
59490,11.5.2011 6:36:00,11.5.2011 6:29:00,0,1005,14,11,54,1,0,
59491,11.5.2011 20:25:00,11.5.2011 6:38:00,0,1005,14,11,54,1,0,
59492,11.5.2011 23:00:00,11.5.2011 21:00:00,0,1005,14,11,54,1,0,
59493,11.5.2011 19:34:00,11.5.2011 19:10:00,0,1005,13,13,54,2,0,
59494,11.5.2011 22:56:00,11.5.2011 19:36:00,0,1005,13,13,54,2,0,
59495,11.5.2011 22:59:00,11.5.2011 20:31:00,0,1005,11,11,54,3,0,
59496,11.5.2011 22:59:00,11.5.2011 21:01:00,0,1005,11,11,54,4,0,
59497,11.5.2011 22:17:00,11.5.2011 21:58:00,0,1005,11,11,54,5,0,
59498,11.5.2011 22:59:00,11.5.2011 22:19:00,0,1005,11,11,54,5,0,
59499,11.5.2011 21:00:00,11.5.2011 20:40:00,0,1005,11,11,54,6,0,
59500,11.5.2011 22:32:00,11.5.2011 21:02:00,0,1005,11,11,54,6,0,
59501,11.5.2011 6:15:00,11.5.2011 6:14:00,0,1005,13,13,54,7,0,
59502,11.5.2011 19:48:00,11.5.2011 6:16:00,0,1005,13,13,54,7,0,
59503,11.5.2011 22:59:00,11.5.2011 20:05:00,0,1005,13,13,54,7,0,
59504,11.5.2011 23:00:00,11.5.2011 21:41:00,0,1005,12,11,55,1,0,
59505,11.5.2011 22:57:00,11.5.2011 22:01:00,0,1005,12,11,55,2,0,
59506,11.5.2011 23:00:00,11.5.2011 22:21:00,0,1005,12,11,55,3,0,
59507,11.5.2011 21:30:00,11.5.2011 21:20:00,0,1005,18,13,55,4,0,
59508,11.5.2011 22:39:00,11.5.2011 21:31:00,0,1005,18,13,55,4,0,
59509,11.5.2011 20:00:00,11.5.2011 19:50:00,0,1005,18,13,55,5,0,
59510,11.5.2011 23:00:00,11.5.2011 20:01:00,0,1005,18,13,55,5,0,
59511,11.5.2011 7:08:00,11.5.2011 6:50:00,0,1005,14,11,55,6,0,
59512,11.5.2011 20:44:00,11.5.2011 7:10:00,0,1005,14,11,55,6,0,
59513,11.5.2011 23:00:00,11.5.2011 21:26:00,0,1005,14,11,55,6,0,
59514,11.5.2011 6:35:00,11.5.2011 6:33:00,0,1005,15,13,55,7,0,
59515,11.5.2011 20:10:00,11.5.2011 6:37:00,0,1005,15,13,55,7,0,
59516,11.5.2011 22:55:00,11.5.2011 21:06:00,0,1005,15,13,55,7,0,
59517,11.5.2011 21:05:00,11.5.2011 20:38:00,0,1005,14,11,56,2,0,
59518,11.5.2011 22:59:00,11.5.2011 21:06:00,0,1005,14,11,56,2,0,
59519,11.5.2011 21:25:00,11.5.2011 20:58:00,0,1005,14,11,56,3,0,
59520,11.5.2011 23:00:00,11.5.2011 21:26:00,0,1005,14,11,56,3,0,
59521,11.5.2011 22:26:00,11.5.2011 22:14:00,0,1005,17,11,56,4,0,
59522,11.5.2011 22:59:00,11.5.2011 22:29:00,0,1005,17,11,56,4,0,
59523,11.5.2011 22:46:00,11.5.2011 22:34:00,0,1005,17,11,56,5,0,
59524,11.5.2011 22:59:00,11.5.2011 22:49:00,0,1005,17,11,56,5,0,
59525,11.5.2011 23:00:00,11.5.2011 22:54:00,0,1005,17,11,56,6,0,
59526,11.5.2011 21:16:00,11.5.2011 21:06:00,0,1005,15,13,57,1,0,
59527,11.5.2011 22:53:00,11.5.2011 21:19:00,0,1005,15,13,57,1,0,
59528,11.5.2011 21:36:00,11.5.2011 21:26:00,0,1005,15,13,57,2,0,
59529,11.5.2011 23:00:00,11.5.2011 21:39:00,0,1005,15,13,57,2,0,
59530,11.5.2011 20:26:00,11.5.2011 20:14:00,0,1005,17,11,57,3,0,
59531,11.5.2011 22:29:00,11.5.2011 20:30:00,0,1005,17,11,57,3,0,
59532,11.5.2011 19:44:00,11.5.2011 19:42:00,0,1005,17,11,57,4,0,
59533,11.5.2011 22:59:00,11.5.2011 19:50:00,0,1005,17,11,57,4,0,
59534,11.5.2011 19:46:00,11.5.2011 19:44:00,0,1005,17,11,57,5,0,
59535,11.5.2011 23:00:00,11.5.2011 20:05:00,0,1005,17,11,57,5,0,
59536,11.5.2011 22:51:00,11.5.2011 21:31:00,0,1005,15,13,57,6,0,
59537,11.5.2011 23:00:00,11.5.2011 21:52:00,0,1005,15,13,57,7,0,
59538,11.5.2011 21:51:00,11.5.2011 21:51:00,0,1005,18,13,58,1,0,
59539,11.5.2011 22:42:00,11.5.2011 21:52:00,0,1005,18,13,58,1,0,
59540,11.5.2011 22:59:00,11.5.2011 21:28:00,0,1005,13,13,58,2,0,
59541,11.5.2011 23:00:00,11.5.2011 21:48:00,0,1005,13,13,58,3,0,
59542,11.5.2011 20:53:00,11.5.2011 20:53:00,0,1005,18,13,58,4,0,
59543,11.5.2011 22:51:00,11.5.2011 20:54:00,0,1005,18,13,58,4,0,
59544,11.5.2011 20:40:00,11.5.2011 20:30:00,0,1005,18,13,58,5,0,
59545,11.5.2011 22:45:00,11.5.2011 20:41:00,0,1005,18,13,58,5,0,
59546,11.5.2011 13:48:00,11.5.2011 13:47:00,0,1005,13,13,58,6,0,
59547,11.5.2011 20:24:00,11.5.2011 13:49:00,0,1005,13,13,58,6,0,
59548,11.5.2011 22:59:00,11.5.2011 20:53:00,0,1005,13,13,58,6,0,
59549,11.5.2011 19:31:00,11.5.2011 6:01:00,0,1005,15,13,59,1,0,
59550,11.5.2011 22:59:00,11.5.2011 20:06:00,0,1005,15,13,59,1,0,
59551,11.5.2011 20:49:00,11.5.2011 20:46:00,0,1005,15,13,59,2,0,
59552,11.5.2011 22:59:00,11.5.2011 20:51:00,0,1005,15,13,59,2,0,
59553,11.5.2011 14:28:00,11.5.2011 14:27:00,0,1005,13,13,59,3,0,
59554,11.5.2011 19:28:00,11.5.2011 14:29:00,0,1005,13,13,59,3,0,
59555,11.5.2011 23:00:00,11.5.2011 19:55:00,0,1005,13,13,59,3,0,
59556,11.5.2011 13:49:00,11.5.2011 13:47:00,0,1005,15,13,59,4,0,
59557,11.5.2011 18:54:00,11.5.2011 13:51:00,0,1005,15,13,59,4,0,
59558,11.5.2011 23:00:00,11.5.2011 19:46:00,0,1005,15,13,59,4,0,
59559,11.5.2011 6:34:00,11.5.2011 6:33:00,0,1005,13,13,59,5,0,
59560,11.5.2011 19:58:00,11.5.2011 6:35:00,0,1005,13,13,59,5,0,
59561,11.5.2011 23:00:00,11.5.2011 20:15:00,0,1005,13,13,59,5,0,
59562,11.5.2011 6:44:00,11.5.2011 6:43:00,0,1005,13,13,59,6,0,
59563,11.5.2011 20:08:00,11.5.2011 6:45:00,0,1005,13,13,59,6,0,
59564,11.5.2011 22:49:00,11.5.2011 20:45:00,0,1005,13,13,59,6,0,
59565,11.5.2011 6:25:00,11.5.2011 6:23:00,0,1005,15,13,59,7,0,
59566,11.5.2011 19:50:00,11.5.2011 6:27:00,0,1005,15,13,59,7,0,
59567,11.5.2011 23:00:00,11.5.2011 20:26:00,0,1005,15,13,59,7,0,
